{
    "date_range": {
        "start": "2010-01-04",
        "end": "2024-12-31"
    },
    "data_quality": {
        "flagged_columns": [],
        "missing_values_after_cleaning": {
            "corn": 0,
            "corn_oil": 0,
            "wheat": 0,
            "iowa_tmin": 0,
            "iowa_tmax": 0,
            "iowa_prc": 0,
            "illinois_tmin": 0,
            "illinois_tmax": 0,
            "illinois_prc": 0,
            "nebraska_tmin": 0,
            "nebraska_tmax": 0,
            "nebraska_prc": 0,
            "corn_spread": 0,
            "iowa_tavg": 0,
            "iowa_temp_anomaly": 0,
            "iowa_temp_anomaly_30d": 29,
            "iowa_prc_anomaly": 0,
            "iowa_prc_anomaly_30d": 29,
            "illinois_tavg": 0,
            "illinois_temp_anomaly": 0,
            "illinois_temp_anomaly_30d": 29,
            "illinois_prc_anomaly": 0,
            "illinois_prc_anomaly_30d": 29,
            "nebraska_tavg": 0,
            "nebraska_temp_anomaly": 0,
            "nebraska_temp_anomaly_30d": 29,
            "nebraska_prc_anomaly": 0,
            "nebraska_prc_anomaly_30d": 29
        }
    },
    "columns": [
        "corn",
        "corn_oil",
        "wheat",
        "iowa_tmin",
        "iowa_tmax",
        "iowa_prc",
        "illinois_tmin",
        "illinois_tmax",
        "illinois_prc",
        "nebraska_tmin",
        "nebraska_tmax",
        "nebraska_prc",
        "corn_spread",
        "iowa_tavg",
        "iowa_temp_anomaly",
        "iowa_temp_anomaly_30d",
        "iowa_prc_anomaly",
        "iowa_prc_anomaly_30d",
        "illinois_tavg",
        "illinois_temp_anomaly",
        "illinois_temp_anomaly_30d",
        "illinois_prc_anomaly",
        "illinois_prc_anomaly_30d",
        "nebraska_tavg",
        "nebraska_temp_anomaly",
        "nebraska_temp_anomaly_30d",
        "nebraska_prc_anomaly",
        "nebraska_prc_anomaly_30d"
    ]
}