{
    "date_range": {
        "start": "2010-01-04",
        "end": "2024-12-31"
    },
    "data_quality": {
        "flagged_columns": [],
        "missing_values_after_cleaning": {
            "dairy": 0,
            "dairy_oil": 0,
            "wisconsin_tmin": 0,
            "wisconsin_tmax": 0,
            "wisconsin_prc": 0,
            "california_tmax": 0,
            "california_tmin": 0,
            "california_prc": 0,
            "new_york_tmin": 0,
            "new_york_tmax": 0,
            "new_york_prc": 0,
            "dairy_spread": 0,
            "wisconsin_tavg": 0,
            "wisconsin_temp_anomaly": 0,
            "wisconsin_temp_anomaly_30d": 29,
            "wisconsin_prc_anomaly": 0,
            "wisconsin_prc_anomaly_30d": 29,
            "california_tavg": 0,
            "california_temp_anomaly": 0,
            "california_temp_anomaly_30d": 29,
            "california_prc_anomaly": 0,
            "california_prc_anomaly_30d": 29,
            "new_york_tavg": 0,
            "new_york_temp_anomaly": 0,
            "new_york_temp_anomaly_30d": 29,
            "new_york_prc_anomaly": 0,
            "new_york_prc_anomaly_30d": 29
        }
    },
    "columns": [
        "dairy",
        "dairy_oil",
        "wisconsin_tmin",
        "wisconsin_tmax",
        "wisconsin_prc",
        "california_tmax",
        "california_tmin",
        "california_prc",
        "new_york_tmin",
        "new_york_tmax",
        "new_york_prc",
        "dairy_spread",
        "wisconsin_tavg",
        "wisconsin_temp_anomaly",
        "wisconsin_temp_anomaly_30d",
        "wisconsin_prc_anomaly",
        "wisconsin_prc_anomaly_30d",
        "california_tavg",
        "california_temp_anomaly",
        "california_temp_anomaly_30d",
        "california_prc_anomaly",
        "california_prc_anomaly_30d",
        "new_york_tavg",
        "new_york_temp_anomaly",
        "new_york_temp_anomaly_30d",
        "new_york_prc_anomaly",
        "new_york_prc_anomaly_30d"
    ]
}