{
    "date_range": {
        "start": "2010-01-04",
        "end": "2024-12-31"
    },
    "data_quality": {
        "flagged_columns": [],
        "missing_values_after_cleaning": {
            "meat_oil": 0,
            "meat": 0,
            "iowa_tmin": 0,
            "iowa_tmax": 0,
            "iowa_prc": 0,
            "north_carolina_tmax": 0,
            "north_carolina_tmin": 0,
            "north_carolina_prc": 0,
            "minnesota_tmax": 0,
            "minnesota_tmin": 0,
            "minnesota_prc": 0,
            "meat_spread": 0,
            "iowa_tavg": 0,
            "iowa_temp_anomaly": 0,
            "iowa_temp_anomaly_30d": 29,
            "iowa_prc_anomaly": 0,
            "iowa_prc_anomaly_30d": 29,
            "north_carolina_tavg": 0,
            "north_carolina_temp_anomaly": 0,
            "north_carolina_temp_anomaly_30d": 29,
            "north_carolina_prc_anomaly": 0,
            "north_carolina_prc_anomaly_30d": 29,
            "minnesota_tavg": 0,
            "minnesota_temp_anomaly": 0,
            "minnesota_temp_anomaly_30d": 29,
            "minnesota_prc_anomaly": 0,
            "minnesota_prc_anomaly_30d": 29
        }
    },
    "columns": [
        "meat_oil",
        "meat",
        "iowa_tmin",
        "iowa_tmax",
        "iowa_prc",
        "north_carolina_tmax",
        "north_carolina_tmin",
        "north_carolina_prc",
        "minnesota_tmax",
        "minnesota_tmin",
        "minnesota_prc",
        "meat_spread",
        "iowa_tavg",
        "iowa_temp_anomaly",
        "iowa_temp_anomaly_30d",
        "iowa_prc_anomaly",
        "iowa_prc_anomaly_30d",
        "north_carolina_tavg",
        "north_carolina_temp_anomaly",
        "north_carolina_temp_anomaly_30d",
        "north_carolina_prc_anomaly",
        "north_carolina_prc_anomaly_30d",
        "minnesota_tavg",
        "minnesota_temp_anomaly",
        "minnesota_temp_anomaly_30d",
        "minnesota_prc_anomaly",
        "minnesota_prc_anomaly_30d"
    ]
}