{
    "date_range": {
        "start": "2010-01-04",
        "end": "2024-12-31"
    },
    "data_quality": {
        "flagged_columns": [],
        "missing_values_after_cleaning": {
            "soybean": 0,
            "soybean_oil": 0,
            "soybean_meal": 0,
            "iowa_tmin": 0,
            "iowa_tmax": 0,
            "iowa_prc": 0,
            "illinois_tmin": 0,
            "illinois_tmax": 0,
            "illinois_prc": 0,
            "minnesota_tmax": 0,
            "minnesota_tmin": 0,
            "minnesota_prc": 0,
            "soybean_spread": 0,
            "iowa_tavg": 0,
            "iowa_temp_anomaly": 0,
            "iowa_temp_anomaly_30d": 29,
            "iowa_prc_anomaly": 0,
            "iowa_prc_anomaly_30d": 29,
            "illinois_tavg": 0,
            "illinois_temp_anomaly": 0,
            "illinois_temp_anomaly_30d": 29,
            "illinois_prc_anomaly": 0,
            "illinois_prc_anomaly_30d": 29,
            "minnesota_tavg": 0,
            "minnesota_temp_anomaly": 0,
            "minnesota_temp_anomaly_30d": 29,
            "minnesota_prc_anomaly": 0,
            "minnesota_prc_anomaly_30d": 29
        }
    },
    "columns": [
        "soybean",
        "soybean_oil",
        "soybean_meal",
        "iowa_tmin",
        "iowa_tmax",
        "iowa_prc",
        "illinois_tmin",
        "illinois_tmax",
        "illinois_prc",
        "minnesota_tmax",
        "minnesota_tmin",
        "minnesota_prc",
        "soybean_spread",
        "iowa_tavg",
        "iowa_temp_anomaly",
        "iowa_temp_anomaly_30d",
        "iowa_prc_anomaly",
        "iowa_prc_anomaly_30d",
        "illinois_tavg",
        "illinois_temp_anomaly",
        "illinois_temp_anomaly_30d",
        "illinois_prc_anomaly",
        "illinois_prc_anomaly_30d",
        "minnesota_tavg",
        "minnesota_temp_anomaly",
        "minnesota_temp_anomaly_30d",
        "minnesota_prc_anomaly",
        "minnesota_prc_anomaly_30d"
    ]
}